{
    "-2": "minecraft:prismarine_stairs",
    "-3": "minecraft:dark_prismarine_stairs",
    "-4": "minecraft:prismarine_bricks_stairs",
    "-5": "minecraft:stripped_spruce_log",
    "-6": "minecraft:stripped_birch_log",
    "-7": "minecraft:stripped_jungle_log",
    "-8": "minecraft:stripped_acacia_log",
    "-9": "minecraft:stripped_dark_oak_log",
    "-10": "minecraft:stripped_oak_log",
    "-11": "minecraft:blue_ice",
    "-12": "minecraft:element_1",
    "-13": "minecraft:element_2",
    "-14": "minecraft:element_3",
    "-15": "minecraft:element_4",
    "-16": "minecraft:element_5",
    "-17": "minecraft:element_6",
    "-18": "minecraft:element_7",
    "-19": "minecraft:element_8",
    "-20": "minecraft:element_9",
    "-21": "minecraft:element_10",
    "-22": "minecraft:element_11",
    "-23": "minecraft:element_12",
    "-24": "minecraft:element_13",
    "-25": "minecraft:element_14",
    "-26": "minecraft:element_15",
    "-27": "minecraft:element_16",
    "-28": "minecraft:element_17",
    "-29": "minecraft:element_18",
    "-30": "minecraft:element_19",
    "-31": "minecraft:element_20",
    "-32": "minecraft:element_21",
    "-33": "minecraft:element_22",
    "-34": "minecraft:element_23",
    "-35": "minecraft:element_24",
    "-36": "minecraft:element_25",
    "-37": "minecraft:element_26",
    "-38": "minecraft:element_27",
    "-39": "minecraft:element_28",
    "-40": "minecraft:element_29",
    "-41": "minecraft:element_30",
    "-42": "minecraft:element_31",
    "-43": "minecraft:element_32",
    "-44": "minecraft:element_33",
    "-45": "minecraft:element_34",
    "-46": "minecraft:element_35",
    "-47": "minecraft:element_36",
    "-48": "minecraft:element_37",
    "-49": "minecraft:element_38",
    "-50": "minecraft:element_39",
    "-51": "minecraft:element_40",
    "-52": "minecraft:element_41",
    "-53": "minecraft:element_42",
    "-54": "minecraft:element_43",
    "-55": "minecraft:element_44",
    "-56": "minecraft:element_45",
    "-57": "minecraft:element_46",
    "-58": "minecraft:element_47",
    "-59": "minecraft:element_48",
    "-60": "minecraft:element_49",
    "-61": "minecraft:element_50",
    "-62": "minecraft:element_51",
    "-63": "minecraft:element_52",
    "-64": "minecraft:element_53",
    "-65": "minecraft:element_54",
    "-66": "minecraft:element_55",
    "-67": "minecraft:element_56",
    "-68": "minecraft:element_57",
    "-69": "minecraft:element_58",
    "-70": "minecraft:element_59",
    "-71": "minecraft:element_60",
    "-72": "minecraft:element_61",
    "-73": "minecraft:element_62",
    "-74": "minecraft:element_63",
    "-75": "minecraft:element_64",
    "-76": "minecraft:element_65",
    "-77": "minecraft:element_66",
    "-78": "minecraft:element_67",
    "-79": "minecraft:element_68",
    "-80": "minecraft:element_69",
    "-81": "minecraft:element_70",
    "-82": "minecraft:element_71",
    "-83": "minecraft:element_72",
    "-84": "minecraft:element_73",
    "-85": "minecraft:element_74",
    "-86": "minecraft:element_75",
    "-87": "minecraft:element_76",
    "-88": "minecraft:element_77",
    "-89": "minecraft:element_78",
    "-90": "minecraft:element_79",
    "-91": "minecraft:element_80",
    "-92": "minecraft:element_81",
    "-93": "minecraft:element_82",
    "-94": "minecraft:element_83",
    "-95": "minecraft:element_84",
    "-96": "minecraft:element_85",
    "-97": "minecraft:element_86",
    "-98": "minecraft:element_87",
    "-99": "minecraft:element_88",
    "-100": "minecraft:element_89",
    "-101": "minecraft:element_90",
    "-102": "minecraft:element_91",
    "-103": "minecraft:element_92",
    "-104": "minecraft:element_93",
    "-105": "minecraft:element_94",
    "-106": "minecraft:element_95",
    "-107": "minecraft:element_96",
    "-108": "minecraft:element_97",
    "-109": "minecraft:element_98",
    "-110": "minecraft:element_99",
    "-111": "minecraft:element_100",
    "-112": "minecraft:element_101",
    "-113": "minecraft:element_102",
    "-114": "minecraft:element_103",
    "-115": "minecraft:element_104",
    "-116": "minecraft:element_105",
    "-117": "minecraft:element_106",
    "-118": "minecraft:element_107",
    "-119": "minecraft:element_108",
    "-120": "minecraft:element_109",
    "-121": "minecraft:element_110",
    "-122": "minecraft:element_111",
    "-123": "minecraft:element_112",
    "-124": "minecraft:element_113",
    "-125": "minecraft:element_114",
    "-126": "minecraft:element_115",
    "-127": "minecraft:element_116",
    "-128": "minecraft:element_117",
    "-129": "minecraft:element_118",
    "-130": "minecraft:seagrass",
    "-131": "minecraft:coral",
    "-132": "minecraft:coral_block",
    "-133": "minecraft:coral_fan",
    "-134": "minecraft:coral_fan_dead",
    "-135": "minecraft:coral_fan_hang",
    "-136": "minecraft:coral_fan_hang2",
    "-137": "minecraft:coral_fan_hang3",
    "-138": "minecraft:item.kelp",
    "-139": "minecraft:dried_kelp_block",
    "-140": "minecraft:acacia_button",
    "-141": "minecraft:birch_button",
    "-142": "minecraft:dark_oak_button",
    "-143": "minecraft:jungle_button",
    "-144": "minecraft:spruce_button",
    "-145": "minecraft:acacia_trapdoor",
    "-146": "minecraft:birch_trapdoor",
    "-147": "minecraft:dark_oak_trapdoor",
    "-148": "minecraft:jungle_trapdoor",
    "-149": "minecraft:spruce_trapdoor",
    "-150": "minecraft:acacia_pressure_plate",
    "-151": "minecraft:birch_pressure_plate",
    "-152": "minecraft:dark_oak_pressure_plate",
    "-153": "minecraft:jungle_pressure_plate",
    "-154": "minecraft:spruce_pressure_plate",
    "-155": "minecraft:carved_pumpkin",
    "-156": "minecraft:sea_pickle",
    "-157": "minecraft:conduit",
    "-159": "minecraft:turtle_egg",
    "-160": "minecraft:bubble_column",
    "-161": "minecraft:barrier",
    "-162": "minecraft:double_stone_slab3",
    "-163": "minecraft:bamboo",
    "-164": "minecraft:bamboo_sapling",
    "-165": "minecraft:scaffolding",
    "-166": "minecraft:double_stone_slab4",
    "-167": "minecraft:real_double_stone_slab3",
    "-168": "minecraft:real_double_stone_slab4",
    "-169": "minecraft:granite_stairs",
    "-170": "minecraft:diorite_stairs",
    "-171": "minecraft:andesite_stairs",
    "-172": "minecraft:polished_granite_stairs",
    "-173": "minecraft:polished_diorite_stairs",
    "-174": "minecraft:polished_andesite_stairs",
    "-175": "minecraft:mossy_stone_brick_stairs",
    "-176": "minecraft:smooth_red_sandstone_stairs",
    "-177": "minecraft:smooth_sandstone_stairs",
    "-178": "minecraft:end_brick_stairs",
    "-179": "minecraft:mossy_cobblestone_stairs",
    "-180": "minecraft:normal_stone_stairs",
    "-181": "minecraft:spruce_standing_sign",
    "-182": "minecraft:spruce_wall_sign",
    "-183": "minecraft:smooth_stone",
    "-184": "minecraft:red_nether_brick_stairs",
    "-185": "minecraft:smooth_quartz_stairs",
    "-186": "minecraft:birch_standing_sign",
    "-187": "minecraft:birch_wall_sign",
    "-188": "minecraft:jungle_standing_sign",
    "-189": "minecraft:jungle_wall_sign",
    "-190": "minecraft:acacia_standing_sign",
    "-191": "minecraft:acacia_wall_sign",
    "-192": "minecraft:darkoak_standing_sign",
    "-193": "minecraft:darkoak_wall_sign",
    "-194": "minecraft:lectern",
    "-195": "minecraft:grindstone",
    "-196": "minecraft:blast_furnace",
    "-197": "minecraft:stonecutter_block",
    "-198": "minecraft:smoker",
    "-199": "minecraft:lit_smoker",
    "-200": "minecraft:cartography_table",
    "-201": "minecraft:fletching_table",
    "-202": "minecraft:smithing_table",
    "-203": "minecraft:barrel",
    "-204": "minecraft:loom",
    "-206": "minecraft:bell",
    "-207": "minecraft:sweet_berry_bush",
    "-208": "minecraft:lantern",
    "-209": "minecraft:item.campfire",
    "-210": "minecraft:lava_cauldron",
    "-211": "minecraft:jigsaw",
    "-213": "minecraft:composter",
    "-214": "minecraft:lit_blast_furnace",
    "1": "minecraft:stone",
    "2": "minecraft:grass",
    "3": "minecraft:dirt",
    "4": "minecraft:cobblestone",
    "5": "minecraft:planks",
    "6": "minecraft:sapling",
    "7": "minecraft:bedrock",
    "8": "minecraft:flowing_water",
    "9": "minecraft:water",
    "10": "minecraft:flowing_lava",
    "11": "minecraft:lava",
    "12": "minecraft:sand",
    "13": "minecraft:gravel",
    "14": "minecraft:gold_ore",
    "15": "minecraft:iron_ore",
    "16": "minecraft:coal_ore",
    "17": "minecraft:log",
    "18": "minecraft:leaves",
    "19": "minecraft:sponge",
    "20": "minecraft:glass",
    "21": "minecraft:lapis_ore",
    "22": "minecraft:lapis_block",
    "23": "minecraft:dispenser",
    "24": "minecraft:sandstone",
    "25": "minecraft:noteblock",
    "26": "minecraft:item.bed",
    "27": "minecraft:golden_rail",
    "28": "minecraft:detector_rail",
    "29": "minecraft:sticky_piston",
    "30": "minecraft:web",
    "31": "minecraft:tallgrass",
    "32": "minecraft:deadbush",
    "33": "minecraft:piston",
    "34": "minecraft:pistonarmcollision",
    "35": "minecraft:wool",
    "36": "minecraft:element_0",
    "37": "minecraft:yellow_flower",
    "38": "minecraft:red_flower",
    "39": "minecraft:brown_mushroom",
    "40": "minecraft:red_mushroom",
    "41": "minecraft:gold_block",
    "42": "minecraft:iron_block",
    "43": "minecraft:real_double_stone_slab",
    "44": "minecraft:double_stone_slab",
    "45": "minecraft:brick_block",
    "46": "minecraft:tnt",
    "47": "minecraft:bookshelf",
    "48": "minecraft:mossy_cobblestone",
    "49": "minecraft:obsidian",
    "50": "minecraft:torch",
    "51": "minecraft:fire",
    "52": "minecraft:mob_spawner",
    "53": "minecraft:oak_stairs",
    "54": "minecraft:chest",
    "55": "minecraft:redstone_wire",
    "56": "minecraft:diamond_ore",
    "57": "minecraft:diamond_block",
    "58": "minecraft:crafting_table",
    "59": "minecraft:item.wheat",
    "60": "minecraft:farmland",
    "61": "minecraft:furnace",
    "62": "minecraft:lit_furnace",
    "63": "minecraft:standing_sign",
    "64": "minecraft:item.wooden_door",
    "65": "minecraft:ladder",
    "66": "minecraft:rail",
    "67": "minecraft:stone_stairs",
    "68": "minecraft:wall_sign",
    "69": "minecraft:lever",
    "70": "minecraft:stone_pressure_plate",
    "71": "minecraft:item.iron_door",
    "72": "minecraft:wooden_pressure_plate",
    "73": "minecraft:redstone_ore",
    "74": "minecraft:lit_redstone_ore",
    "75": "minecraft:unlit_redstone_torch",
    "76": "minecraft:redstone_torch",
    "77": "minecraft:stone_button",
    "78": "minecraft:snow_layer",
    "79": "minecraft:ice",
    "80": "minecraft:snow",
    "81": "minecraft:cactus",
    "82": "minecraft:clay",
    "83": "minecraft:item.reeds",
    "84": "minecraft:jukebox",
    "85": "minecraft:fence",
    "86": "minecraft:pumpkin",
    "87": "minecraft:netherrack",
    "88": "minecraft:soul_sand",
    "89": "minecraft:glowstone",
    "90": "minecraft:portal",
    "91": "minecraft:lit_pumpkin",
    "92": "minecraft:item.cake",
    "93": "minecraft:unpowered_repeater",
    "94": "minecraft:powered_repeater",
    "95": "minecraft:invisiblebedrock",
    "96": "minecraft:trapdoor",
    "97": "minecraft:monster_egg",
    "98": "minecraft:stonebrick",
    "99": "minecraft:brown_mushroom_block",
    "100": "minecraft:red_mushroom_block",
    "101": "minecraft:iron_bars",
    "102": "minecraft:glass_pane",
    "103": "minecraft:melon_block",
    "104": "minecraft:pumpkin_stem",
    "105": "minecraft:melon_stem",
    "106": "minecraft:vine",
    "107": "minecraft:fence_gate",
    "108": "minecraft:brick_stairs",
    "109": "minecraft:stone_brick_stairs",
    "110": "minecraft:mycelium",
    "111": "minecraft:waterlily",
    "112": "minecraft:nether_brick",
    "113": "minecraft:nether_brick_fence",
    "114": "minecraft:nether_brick_stairs",
    "115": "minecraft:item.nether_wart",
    "116": "minecraft:enchanting_table",
    "117": "minecraft:brewingstandblock",
    "118": "minecraft:item.cauldron",
    "119": "minecraft:end_portal",
    "120": "minecraft:end_portal_frame",
    "121": "minecraft:end_stone",
    "122": "minecraft:dragon_egg",
    "123": "minecraft:redstone_lamp",
    "124": "minecraft:lit_redstone_lamp",
    "125": "minecraft:dropper",
    "126": "minecraft:activator_rail",
    "127": "minecraft:cocoa",
    "128": "minecraft:sandstone_stairs",
    "129": "minecraft:emerald_ore",
    "130": "minecraft:ender_chest",
    "131": "minecraft:tripwire_hook",
    "132": "minecraft:tripwire",
    "133": "minecraft:emerald_block",
    "134": "minecraft:spruce_stairs",
    "135": "minecraft:birch_stairs",
    "136": "minecraft:jungle_stairs",
    "137": "minecraft:command_block",
    "138": "minecraft:beacon",
    "139": "minecraft:cobblestone_wall",
    "140": "minecraft:item.flower_pot",
    "141": "minecraft:carrots",
    "142": "minecraft:potatoes",
    "143": "minecraft:wooden_button",
    "144": "minecraft:item.skull",
    "145": "minecraft:anvil",
    "146": "minecraft:trapped_chest",
    "147": "minecraft:light_weighted_pressure_plate",
    "148": "minecraft:heavy_weighted_pressure_plate",
    "149": "minecraft:unpowered_comparator",
    "150": "minecraft:powered_comparator",
    "151": "minecraft:daylight_detector",
    "152": "minecraft:redstone_block",
    "153": "minecraft:quartz_ore",
    "154": "minecraft:item.hopper",
    "155": "minecraft:quartz_block",
    "156": "minecraft:quartz_stairs",
    "157": "minecraft:double_wooden_slab",
    "158": "minecraft:wooden_slab",
    "159": "minecraft:stained_hardened_clay",
    "160": "minecraft:stained_glass_pane",
    "161": "minecraft:leaves2",
    "162": "minecraft:log2",
    "163": "minecraft:acacia_stairs",
    "164": "minecraft:dark_oak_stairs",
    "165": "minecraft:slime",
    "166": "minecraft:glow_stick",
    "167": "minecraft:iron_trapdoor",
    "168": "minecraft:prismarine",
    "169": "minecraft:sealantern",
    "170": "minecraft:hay_block",
    "171": "minecraft:carpet",
    "172": "minecraft:hardened_clay",
    "173": "minecraft:coal_block",
    "174": "minecraft:packed_ice",
    "175": "minecraft:double_plant",
    "176": "minecraft:standing_banner",
    "177": "minecraft:wall_banner",
    "178": "minecraft:daylight_detector_inverted",
    "179": "minecraft:red_sandstone",
    "180": "minecraft:red_sandstone_stairs",
    "181": "minecraft:real_double_stone_slab2",
    "182": "minecraft:double_stone_slab2",
    "183": "minecraft:spruce_fence_gate",
    "184": "minecraft:birch_fence_gate",
    "185": "minecraft:jungle_fence_gate",
    "186": "minecraft:dark_oak_fence_gate",
    "187": "minecraft:acacia_fence_gate",
    "188": "minecraft:repeating_command_block",
    "189": "minecraft:chain_command_block",
    "190": "minecraft:hard_glass_pane",
    "191": "minecraft:hard_stained_glass_pane",
    "192": "minecraft:chemical_heat",
    "193": "minecraft:item.spruce_door",
    "194": "minecraft:item.birch_door",
    "195": "minecraft:item.jungle_door",
    "196": "minecraft:item.acacia_door",
    "197": "minecraft:item.dark_oak_door",
    "198": "minecraft:grass_path",
    "199": "minecraft:item.frame",
    "200": "minecraft:chorus_flower",
    "201": "minecraft:purpur_block",
    "202": "minecraft:colored_torch_rg",
    "203": "minecraft:purpur_stairs",
    "204": "minecraft:colored_torch_bp",
    "205": "minecraft:undyed_shulker_box",
    "206": "minecraft:end_bricks",
    "207": "minecraft:frosted_ice",
    "208": "minecraft:end_rod",
    "209": "minecraft:end_gateway",
    "213": "minecraft:magma",
    "214": "minecraft:nether_wart_block",
    "215": "minecraft:red_nether_brick",
    "216": "minecraft:bone_block",
    "218": "minecraft:shulker_box",
    "219": "minecraft:purple_glazed_terracotta",
    "220": "minecraft:white_glazed_terracotta",
    "221": "minecraft:orange_glazed_terracotta",
    "222": "minecraft:magenta_glazed_terracotta",
    "223": "minecraft:light_blue_glazed_terracotta",
    "224": "minecraft:yellow_glazed_terracotta",
    "225": "minecraft:lime_glazed_terracotta",
    "226": "minecraft:pink_glazed_terracotta",
    "227": "minecraft:gray_glazed_terracotta",
    "228": "minecraft:silver_glazed_terracotta",
    "229": "minecraft:cyan_glazed_terracotta",
    "231": "minecraft:blue_glazed_terracotta",
    "232": "minecraft:brown_glazed_terracotta",
    "233": "minecraft:green_glazed_terracotta",
    "234": "minecraft:red_glazed_terracotta",
    "235": "minecraft:black_glazed_terracotta",
    "236": "minecraft:concrete",
    "237": "minecraft:concrete_powder",
    "238": "minecraft:chemistry_table",
    "239": "minecraft:underwater_torch",
    "240": "minecraft:chorus_plant",
    "241": "minecraft:stained_glass",
    "243": "minecraft:podzol",
    "244": "minecraft:item.beetroot",
    "245": "minecraft:stonecutter",
    "246": "minecraft:glowingobsidian",
    "247": "minecraft:netherreactor",
    "248": "minecraft:info_update",
    "249": "minecraft:info_update2",
    "250": "minecraft:movingblock",
    "251": "minecraft:observer",
    "252": "minecraft:structure_block",
    "253": "minecraft:hard_glass",
    "254": "minecraft:hard_stained_glass",
    "255": "minecraft:reserved6",
    "256": "minecraft:iron_shovel",
    "257": "minecraft:iron_pickaxe",
    "258": "minecraft:iron_axe",
    "259": "minecraft:flint_and_steel",
    "260": "minecraft:apple",
    "261": "minecraft:bow",
    "262": "minecraft:arrow",
    "263": "minecraft:coal",
    "264": "minecraft:diamond",
    "265": "minecraft:iron_ingot",
    "266": "minecraft:gold_ingot",
    "267": "minecraft:iron_sword",
    "268": "minecraft:wooden_sword",
    "269": "minecraft:wooden_shovel",
    "270": "minecraft:wooden_pickaxe",
    "271": "minecraft:wooden_axe",
    "272": "minecraft:stone_sword",
    "273": "minecraft:stone_shovel",
    "274": "minecraft:stone_pickaxe",
    "275": "minecraft:stone_axe",
    "276": "minecraft:diamond_sword",
    "277": "minecraft:diamond_shovel",
    "278": "minecraft:diamond_pickaxe",
    "279": "minecraft:diamond_axe",
    "280": "minecraft:stick",
    "281": "minecraft:bowl",
    "282": "minecraft:mushroom_stew",
    "283": "minecraft:golden_sword",
    "284": "minecraft:golden_shovel",
    "285": "minecraft:golden_pickaxe",
    "286": "minecraft:golden_axe",
    "287": "minecraft:string",
    "288": "minecraft:feather",
    "289": "minecraft:gunpowder",
    "290": "minecraft:wooden_hoe",
    "291": "minecraft:stone_hoe",
    "292": "minecraft:iron_hoe",
    "293": "minecraft:diamond_hoe",
    "294": "minecraft:golden_hoe",
    "295": "minecraft:wheat_seeds",
    "296": "minecraft:wheat",
    "297": "minecraft:bread",
    "298": "minecraft:leather_helmet",
    "299": "minecraft:leather_chestplate",
    "300": "minecraft:leather_leggings",
    "301": "minecraft:leather_boots",
    "302": "minecraft:chainmail_helmet",
    "303": "minecraft:chainmail_chestplate",
    "304": "minecraft:chainmail_leggings",
    "305": "minecraft:chainmail_boots",
    "306": "minecraft:iron_helmet",
    "307": "minecraft:iron_chestplate",
    "308": "minecraft:iron_leggings",
    "309": "minecraft:iron_boots",
    "310": "minecraft:diamond_helmet",
    "311": "minecraft:diamond_chestplate",
    "312": "minecraft:diamond_leggings",
    "313": "minecraft:diamond_boots",
    "314": "minecraft:golden_helmet",
    "315": "minecraft:golden_chestplate",
    "316": "minecraft:golden_leggings",
    "317": "minecraft:golden_boots",
    "318": "minecraft:flint",
    "319": "minecraft:porkchop",
    "320": "minecraft:cooked_porkchop",
    "321": "minecraft:painting",
    "322": "minecraft:golden_apple",
    "323": "minecraft:sign",
    "324": "minecraft:wooden_door",
    "325": "minecraft:bucket",
    "328": "minecraft:minecart",
    "329": "minecraft:saddle",
    "330": "minecraft:iron_door",
    "331": "minecraft:redstone",
    "332": "minecraft:snowball",
    "333": "minecraft:boat",
    "334": "minecraft:leather",
    "335": "minecraft:kelp",
    "336": "minecraft:brick",
    "337": "minecraft:clay_ball",
    "338": "minecraft:reeds",
    "339": "minecraft:paper",
    "340": "minecraft:book",
    "341": "minecraft:slime_ball",
    "342": "minecraft:chest_minecart",
    "344": "minecraft:egg",
    "345": "minecraft:compass",
    "346": "minecraft:fishing_rod",
    "347": "minecraft:clock",
    "348": "minecraft:glowstone_dust",
    "349": "minecraft:fish",
    "350": "minecraft:cooked_fish",
    "351": "minecraft:dye",
    "352": "minecraft:bone",
    "353": "minecraft:sugar",
    "354": "minecraft:cake",
    "355": "minecraft:bed",
    "356": "minecraft:repeater",
    "357": "minecraft:cookie",
    "358": "minecraft:map",
    "359": "minecraft:shears",
    "360": "minecraft:melon",
    "361": "minecraft:pumpkin_seeds",
    "362": "minecraft:melon_seeds",
    "363": "minecraft:beef",
    "364": "minecraft:cooked_beef",
    "365": "minecraft:chicken",
    "366": "minecraft:cooked_chicken",
    "367": "minecraft:rotten_flesh",
    "368": "minecraft:ender_pearl",
    "369": "minecraft:blaze_rod",
    "370": "minecraft:ghast_tear",
    "371": "minecraft:gold_nugget",
    "372": "minecraft:nether_wart",
    "373": "minecraft:potion",
    "374": "minecraft:glass_bottle",
    "375": "minecraft:spider_eye",
    "376": "minecraft:fermented_spider_eye",
    "377": "minecraft:blaze_powder",
    "378": "minecraft:magma_cream",
    "379": "minecraft:brewing_stand",
    "380": "minecraft:cauldron",
    "381": "minecraft:ender_eye",
    "382": "minecraft:speckled_melon",
    "383": "minecraft:spawn_egg",
    "384": "minecraft:experience_bottle",
    "385": "minecraft:fireball",
    "386": "minecraft:writable_book",
    "387": "minecraft:written_book",
    "388": "minecraft:emerald",
    "389": "minecraft:frame",
    "390": "minecraft:flower_pot",
    "391": "minecraft:carrot",
    "392": "minecraft:potato",
    "393": "minecraft:baked_potato",
    "394": "minecraft:poisonous_potato",
    "395": "minecraft:emptymap",
    "396": "minecraft:golden_carrot",
    "397": "minecraft:skull",
    "398": "minecraft:carrotonastick",
    "399": "minecraft:netherstar",
    "400": "minecraft:pumpkin_pie",
    "401": "minecraft:fireworks",
    "402": "minecraft:fireworkscharge",
    "403": "minecraft:enchanted_book",
    "404": "minecraft:comparator",
    "405": "minecraft:netherbrick",
    "406": "minecraft:quartz",
    "407": "minecraft:tnt_minecart",
    "408": "minecraft:hopper_minecart",
    "409": "minecraft:prismarine_shard",
    "410": "minecraft:hopper",
    "411": "minecraft:rabbit",
    "412": "minecraft:cooked_rabbit",
    "413": "minecraft:rabbit_stew",
    "414": "minecraft:rabbit_foot",
    "415": "minecraft:rabbit_hide",
    "416": "minecraft:horsearmorleather",
    "417": "minecraft:horsearmoriron",
    "418": "minecraft:horsearmorgold",
    "419": "minecraft:horsearmordiamond",
    "420": "minecraft:lead",
    "421": "minecraft:name_tag",
    "422": "minecraft:prismarine_crystals",
    "423": "minecraft:muttonraw",
    "424": "minecraft:muttoncooked",
    "425": "minecraft:armor_stand",
    "426": "minecraft:end_crystal",
    "427": "minecraft:spruce_door",
    "428": "minecraft:birch_door",
    "429": "minecraft:jungle_door",
    "430": "minecraft:acacia_door",
    "431": "minecraft:dark_oak_door",
    "432": "minecraft:chorus_fruit",
    "433": "minecraft:chorus_fruit_popped",
    "434": "minecraft:banner_pattern",
    "437": "minecraft:dragon_breath",
    "438": "minecraft:splash_potion",
    "441": "minecraft:lingering_potion",
    "442": "minecraft:sparkler",
    "443": "minecraft:command_block_minecart",
    "444": "minecraft:elytra",
    "445": "minecraft:shulker_shell",
    "446": "minecraft:banner",
    "447": "minecraft:medicine",
    "448": "minecraft:balloon",
    "449": "minecraft:rapid_fertilizer",
    "450": "minecraft:totem",
    "451": "minecraft:bleach",
    "452": "minecraft:iron_nugget",
    "453": "minecraft:ice_bomb",
    "455": "minecraft:trident",
    "457": "minecraft:beetroot",
    "458": "minecraft:beetroot_seeds",
    "459": "minecraft:beetroot_soup",
    "460": "minecraft:salmon",
    "461": "minecraft:clownfish",
    "462": "minecraft:pufferfish",
    "463": "minecraft:cooked_salmon",
    "464": "minecraft:dried_kelp",
    "465": "minecraft:nautilus_shell",
    "466": "minecraft:appleenchanted",
    "467": "minecraft:heart_of_the_sea",
    "468": "minecraft:turtle_shell_piece",
    "469": "minecraft:turtle_helmet",
    "470": "minecraft:phantom_membrane",
    "471": "minecraft:crossbow",
    "472": "minecraft:spruce_sign",
    "473": "minecraft:birch_sign",
    "474": "minecraft:jungle_sign",
    "475": "minecraft:acacia_sign",
    "476": "minecraft:darkoak_sign",
    "477": "minecraft:sweet_berries",
    "499": "minecraft:compound",
    "500": "minecraft:record_13",
    "501": "minecraft:record_cat",
    "502": "minecraft:record_blocks",
    "503": "minecraft:record_chirp",
    "504": "minecraft:record_far",
    "505": "minecraft:record_mall",
    "506": "minecraft:record_mellohi",
    "507": "minecraft:record_stal",
    "508": "minecraft:record_strad",
    "509": "minecraft:record_ward",
    "510": "minecraft:record_11",
    "511": "minecraft:record_wait",
    "513": "minecraft:shield",
    "acacia_button": "minecraft:acacia_button",
    "acacia_door": "minecraft:acacia_door",
    "acacia_door_block": "minecraft:item.acacia_door",
    "acacia_fence_gate": "minecraft:acacia_fence_gate",
    "acacia_pressure_plate": "minecraft:acacia_pressure_plate",
    "acacia_sign": "minecraft:acacia_sign",
    "acacia_stairs": "minecraft:acacia_stairs",
    "acacia_standing_sign": "minecraft:acacia_standing_sign",
    "acacia_trapdoor": "minecraft:acacia_trapdoor",
    "acacia_wall_sign": "minecraft:acacia_wall_sign",
    "acacia_wood_stairs": "minecraft:acacia_stairs",
    "acacia_wooden_stairs": "minecraft:acacia_stairs",
    "activator_rail": "minecraft:activator_rail",
    "active_redstone_lamp": "minecraft:lit_redstone_lamp",
    "andesite_stairs": "minecraft:andesite_stairs",
    "anvil": "minecraft:anvil",
    "apple": "minecraft:apple",
    "apple_enchanted": "minecraft:appleenchanted",
    "appleenchanted": "minecraft:appleenchanted",
    "armor_stand": "minecraft:armor_stand",
    "arrow": "minecraft:arrow",
    "ateupd_block": "minecraft:info_update2",
    "baked_potato": "minecraft:baked_potato",
    "baked_potatoes": "minecraft:baked_potato",
    "balloon": "minecraft:balloon",
    "bamboo": "minecraft:bamboo",
    "bamboo_sapling": "minecraft:bamboo_sapling",
    "banner": "minecraft:banner",
    "banner_pattern": "minecraft:banner_pattern",
    "barrel": "minecraft:barrel",
    "barrier": "minecraft:barrier",
    "beacon": "minecraft:beacon",
    "bed": "minecraft:bed",
    "bed_block": "minecraft:item.bed",
    "bedrock": "minecraft:bedrock",
    "beef": "minecraft:beef",
    "beetroot": "minecraft:beetroot",
    "beetroot_block": "minecraft:item.beetroot",
    "beetroot_seed": "minecraft:beetroot_seeds",
    "beetroot_seeds": "minecraft:beetroot_seeds",
    "beetroot_soup": "minecraft:beetroot_soup",
    "bell": "minecraft:bell",
    "birch_button": "minecraft:birch_button",
    "birch_door": "minecraft:birch_door",
    "birch_door_block": "minecraft:item.birch_door",
    "birch_fence_gate": "minecraft:birch_fence_gate",
    "birch_pressure_plate": "minecraft:birch_pressure_plate",
    "birch_sign": "minecraft:birch_sign",
    "birch_stairs": "minecraft:birch_stairs",
    "birch_standing_sign": "minecraft:birch_standing_sign",
    "birch_trapdoor": "minecraft:birch_trapdoor",
    "birch_wall_sign": "minecraft:birch_wall_sign",
    "birch_wood_stairs": "minecraft:birch_stairs",
    "birch_wooden_stairs": "minecraft:birch_stairs",
    "black_glazed_terracotta": "minecraft:black_glazed_terracotta",
    "blast_furnace": "minecraft:blast_furnace",
    "blaze_powder": "minecraft:blaze_powder",
    "blaze_rod": "minecraft:blaze_rod",
    "bleach": "minecraft:bleach",
    "block_moved_by_piston": "minecraft:movingblock",
    "blue_glazed_terracotta": "minecraft:blue_glazed_terracotta",
    "blue_ice": "minecraft:blue_ice",
    "boat": "minecraft:boat",
    "bone": "minecraft:bone",
    "bone_block": "minecraft:bone_block",
    "book": "minecraft:book",
    "bookshelf": "minecraft:bookshelf",
    "bottle_o_enchanting": "minecraft:experience_bottle",
    "bow": "minecraft:bow",
    "bowl": "minecraft:bowl",
    "bread": "minecraft:bread",
    "brewing_stand": "minecraft:brewing_stand",
    "brewing_stand_block": "minecraft:brewingstandblock",
    "brick": "minecraft:brick",
    "brick_block": "minecraft:brick_block",
    "brick_stairs": "minecraft:brick_stairs",
    "bricks": "minecraft:brick_block",
    "bricks_block": "minecraft:brick_block",
    "brown_glazed_terracotta": "minecraft:brown_glazed_terracotta",
    "brown_mushroom": "minecraft:brown_mushroom",
    "brown_mushroom_block": "minecraft:brown_mushroom_block",
    "bubble_column": "minecraft:bubble_column",
    "bucket": "minecraft:bucket",
    "burning_furnace": "minecraft:lit_furnace",
    "bush": "minecraft:deadbush",
    "cactus": "minecraft:cactus",
    "cake": "minecraft:cake",
    "cake_block": "minecraft:item.cake",
    "campfire": "minecraft:item.campfire",
    "carpet": "minecraft:carpet",
    "carrot": "minecraft:carrot",
    "carrot_block": "minecraft:carrots",
    "carrot_on_a_stick": "minecraft:carrotonastick",
    "carrotonastick": "minecraft:carrotonastick",
    "carrots": "minecraft:carrots",
    "cartography_table": "minecraft:cartography_table",
    "carved_pumpkin": "minecraft:carved_pumpkin",
    "cauldron": "minecraft:cauldron",
    "cauldron_block": "minecraft:item.cauldron",
    "chain_boots": "minecraft:chainmail_boots",
    "chain_chestplate": "minecraft:chainmail_chestplate",
    "chain_command_block": "minecraft:chain_command_block",
    "chain_helmet": "minecraft:chainmail_helmet",
    "chain_leggings": "minecraft:chainmail_leggings",
    "chainmail_boots": "minecraft:chainmail_boots",
    "chainmail_chestplate": "minecraft:chainmail_chestplate",
    "chainmail_helmet": "minecraft:chainmail_helmet",
    "chainmail_leggings": "minecraft:chainmail_leggings",
    "chemical_heat": "minecraft:chemical_heat",
    "chemistry_table": "minecraft:chemistry_table",
    "chest": "minecraft:chest",
    "chest_minecart": "minecraft:chest_minecart",
    "chicken": "minecraft:chicken",
    "chorus_flower": "minecraft:chorus_flower",
    "chorus_fruit": "minecraft:chorus_fruit",
    "chorus_fruit_popped": "minecraft:chorus_fruit_popped",
    "chorus_plant": "minecraft:chorus_plant",
    "clay": "minecraft:clay_ball",
    "clay_ball": "minecraft:clay_ball",
    "clay_block": "minecraft:clay",
    "clock": "minecraft:clock",
    "clown_fish": "minecraft:clownfish",
    "clownfish": "minecraft:clownfish",
    "coal": "minecraft:coal",
    "coal_block": "minecraft:coal_block",
    "coal_ore": "minecraft:coal_ore",
    "cobble": "minecraft:cobblestone",
    "cobble_stairs": "minecraft:stone_stairs",
    "cobble_wall": "minecraft:cobblestone_wall",
    "cobblestone": "minecraft:cobblestone",
    "cobblestone_stairs": "minecraft:stone_stairs",
    "cobblestone_wall": "minecraft:cobblestone_wall",
    "cobweb": "minecraft:web",
    "cocoa": "minecraft:cocoa",
    "cocoa_block": "minecraft:cocoa",
    "cocoa_pods": "minecraft:cocoa",
    "colored_torch_bp": "minecraft:colored_torch_bp",
    "colored_torch_rg": "minecraft:colored_torch_rg",
    "command_block": "minecraft:command_block",
    "command_block_minecart": "minecraft:command_block_minecart",
    "comparator": "minecraft:comparator",
    "comparator_block": "minecraft:unpowered_comparator",
    "compass": "minecraft:compass",
    "composter": "minecraft:composter",
    "compound": "minecraft:compound",
    "concrete": "minecraft:concrete",
    "concrete_powder": "minecraft:concrete_powder",
    "concretepowder": "minecraft:concrete_powder",
    "conduit": "minecraft:conduit",
    "cooked_beef": "minecraft:cooked_beef",
    "cooked_chicken": "minecraft:cooked_chicken",
    "cooked_fish": "minecraft:cooked_fish",
    "cooked_mutton": "minecraft:muttoncooked",
    "cooked_porkchop": "minecraft:cooked_porkchop",
    "cooked_rabbit": "minecraft:cooked_rabbit",
    "cooked_salmon": "minecraft:cooked_salmon",
    "cookie": "minecraft:cookie",
    "coral": "minecraft:coral",
    "coral_block": "minecraft:coral_block",
    "coral_fan": "minecraft:coral_fan",
    "coral_fan_dead": "minecraft:coral_fan_dead",
    "coral_fan_hang": "minecraft:coral_fan_hang",
    "coral_fan_hang2": "minecraft:coral_fan_hang2",
    "coral_fan_hang3": "minecraft:coral_fan_hang3",
    "crafting_table": "minecraft:crafting_table",
    "crossbow": "minecraft:crossbow",
    "cyan_glazed_terracotta": "minecraft:cyan_glazed_terracotta",
    "dandelion": "minecraft:yellow_flower",
    "dark_oak_button": "minecraft:dark_oak_button",
    "dark_oak_door": "minecraft:dark_oak_door",
    "dark_oak_door_block": "minecraft:item.dark_oak_door",
    "dark_oak_fence_gate": "minecraft:dark_oak_fence_gate",
    "dark_oak_pressure_plate": "minecraft:dark_oak_pressure_plate",
    "dark_oak_stairs": "minecraft:dark_oak_stairs",
    "dark_oak_trapdoor": "minecraft:dark_oak_trapdoor",
    "dark_oak_wood_stairs": "minecraft:dark_oak_stairs",
    "dark_oak_wooden_stairs": "minecraft:dark_oak_stairs",
    "dark_prismarine_stairs": "minecraft:dark_prismarine_stairs",
    "darkoak_sign": "minecraft:darkoak_sign",
    "darkoak_standing_sign": "minecraft:darkoak_standing_sign",
    "darkoak_wall_sign": "minecraft:darkoak_wall_sign",
    "daylight_detector": "minecraft:daylight_detector",
    "daylight_detector_inverted": "minecraft:daylight_detector_inverted",
    "daylight_sensor": "minecraft:daylight_detector",
    "daylight_sensor_inverted": "minecraft:daylight_detector_inverted",
    "dead_bush": "minecraft:deadbush",
    "deadbush": "minecraft:deadbush",
    "detector_rail": "minecraft:detector_rail",
    "diamond": "minecraft:diamond",
    "diamond_axe": "minecraft:diamond_axe",
    "diamond_block": "minecraft:diamond_block",
    "diamond_boots": "minecraft:diamond_boots",
    "diamond_chestplate": "minecraft:diamond_chestplate",
    "diamond_helmet": "minecraft:diamond_helmet",
    "diamond_hoe": "minecraft:diamond_hoe",
    "diamond_horse_armor": "minecraft:horsearmordiamond",
    "diamond_leggings": "minecraft:diamond_leggings",
    "diamond_ore": "minecraft:diamond_ore",
    "diamond_pickaxe": "minecraft:diamond_pickaxe",
    "diamond_shovel": "minecraft:diamond_shovel",
    "diamond_sword": "minecraft:diamond_sword",
    "diorite_stairs": "minecraft:diorite_stairs",
    "dirt": "minecraft:dirt",
    "dispenser": "minecraft:dispenser",
    "door_block": "minecraft:item.wooden_door",
    "double_plant": "minecraft:double_plant",
    "double_red_sandstone_slab": "minecraft:real_double_stone_slab2",
    "double_slab": "minecraft:real_double_stone_slab",
    "double_slabs": "minecraft:real_double_stone_slab",
    "double_stone_slab": "minecraft:real_double_stone_slab",
    "double_stone_slab2": "minecraft:real_double_stone_slab2",
    "double_stone_slab3": "minecraft:real_double_stone_slab3",
    "double_stone_slab4": "minecraft:real_double_stone_slab4",
    "double_wood_slab": "minecraft:double_wooden_slab",
    "double_wood_slabs": "minecraft:double_wooden_slab",
    "double_wooden_slab": "minecraft:double_wooden_slab",
    "double_wooden_slabs": "minecraft:double_wooden_slab",
    "dragon_breath": "minecraft:dragon_breath",
    "dragon_egg": "minecraft:dragon_egg",
    "dried_kelp": "minecraft:dried_kelp",
    "dried_kelp_block": "minecraft:dried_kelp_block",
    "dropper": "minecraft:dropper",
    "dye": "minecraft:dye",
    "egg": "minecraft:egg",
    "element_0": "minecraft:element_0",
    "element_1": "minecraft:element_1",
    "element_2": "minecraft:element_2",
    "element_3": "minecraft:element_3",
    "element_4": "minecraft:element_4",
    "element_5": "minecraft:element_5",
    "element_6": "minecraft:element_6",
    "element_7": "minecraft:element_7",
    "element_8": "minecraft:element_8",
    "element_9": "minecraft:element_9",
    "element_10": "minecraft:element_10",
    "element_11": "minecraft:element_11",
    "element_12": "minecraft:element_12",
    "element_13": "minecraft:element_13",
    "element_14": "minecraft:element_14",
    "element_15": "minecraft:element_15",
    "element_16": "minecraft:element_16",
    "element_17": "minecraft:element_17",
    "element_18": "minecraft:element_18",
    "element_19": "minecraft:element_19",
    "element_20": "minecraft:element_20",
    "element_21": "minecraft:element_21",
    "element_22": "minecraft:element_22",
    "element_23": "minecraft:element_23",
    "element_24": "minecraft:element_24",
    "element_25": "minecraft:element_25",
    "element_26": "minecraft:element_26",
    "element_27": "minecraft:element_27",
    "element_28": "minecraft:element_28",
    "element_29": "minecraft:element_29",
    "element_30": "minecraft:element_30",
    "element_31": "minecraft:element_31",
    "element_32": "minecraft:element_32",
    "element_33": "minecraft:element_33",
    "element_34": "minecraft:element_34",
    "element_35": "minecraft:element_35",
    "element_36": "minecraft:element_36",
    "element_37": "minecraft:element_37",
    "element_38": "minecraft:element_38",
    "element_39": "minecraft:element_39",
    "element_40": "minecraft:element_40",
    "element_41": "minecraft:element_41",
    "element_42": "minecraft:element_42",
    "element_43": "minecraft:element_43",
    "element_44": "minecraft:element_44",
    "element_45": "minecraft:element_45",
    "element_46": "minecraft:element_46",
    "element_47": "minecraft:element_47",
    "element_48": "minecraft:element_48",
    "element_49": "minecraft:element_49",
    "element_50": "minecraft:element_50",
    "element_51": "minecraft:element_51",
    "element_52": "minecraft:element_52",
    "element_53": "minecraft:element_53",
    "element_54": "minecraft:element_54",
    "element_55": "minecraft:element_55",
    "element_56": "minecraft:element_56",
    "element_57": "minecraft:element_57",
    "element_58": "minecraft:element_58",
    "element_59": "minecraft:element_59",
    "element_60": "minecraft:element_60",
    "element_61": "minecraft:element_61",
    "element_62": "minecraft:element_62",
    "element_63": "minecraft:element_63",
    "element_64": "minecraft:element_64",
    "element_65": "minecraft:element_65",
    "element_66": "minecraft:element_66",
    "element_67": "minecraft:element_67",
    "element_68": "minecraft:element_68",
    "element_69": "minecraft:element_69",
    "element_70": "minecraft:element_70",
    "element_71": "minecraft:element_71",
    "element_72": "minecraft:element_72",
    "element_73": "minecraft:element_73",
    "element_74": "minecraft:element_74",
    "element_75": "minecraft:element_75",
    "element_76": "minecraft:element_76",
    "element_77": "minecraft:element_77",
    "element_78": "minecraft:element_78",
    "element_79": "minecraft:element_79",
    "element_80": "minecraft:element_80",
    "element_81": "minecraft:element_81",
    "element_82": "minecraft:element_82",
    "element_83": "minecraft:element_83",
    "element_84": "minecraft:element_84",
    "element_85": "minecraft:element_85",
    "element_86": "minecraft:element_86",
    "element_87": "minecraft:element_87",
    "element_88": "minecraft:element_88",
    "element_89": "minecraft:element_89",
    "element_90": "minecraft:element_90",
    "element_91": "minecraft:element_91",
    "element_92": "minecraft:element_92",
    "element_93": "minecraft:element_93",
    "element_94": "minecraft:element_94",
    "element_95": "minecraft:element_95",
    "element_96": "minecraft:element_96",
    "element_97": "minecraft:element_97",
    "element_98": "minecraft:element_98",
    "element_99": "minecraft:element_99",
    "element_100": "minecraft:element_100",
    "element_101": "minecraft:element_101",
    "element_102": "minecraft:element_102",
    "element_103": "minecraft:element_103",
    "element_104": "minecraft:element_104",
    "element_105": "minecraft:element_105",
    "element_106": "minecraft:element_106",
    "element_107": "minecraft:element_107",
    "element_108": "minecraft:element_108",
    "element_109": "minecraft:element_109",
    "element_110": "minecraft:element_110",
    "element_111": "minecraft:element_111",
    "element_112": "minecraft:element_112",
    "element_113": "minecraft:element_113",
    "element_114": "minecraft:element_114",
    "element_115": "minecraft:element_115",
    "element_116": "minecraft:element_116",
    "element_117": "minecraft:element_117",
    "element_118": "minecraft:element_118",
    "elytra": "minecraft:elytra",
    "emerald": "minecraft:emerald",
    "emerald_block": "minecraft:emerald_block",
    "emerald_ore": "minecraft:emerald_ore",
    "empty_map": "minecraft:emptymap",
    "emptymap": "minecraft:emptymap",
    "enchant_table": "minecraft:enchanting_table",
    "enchanted_book": "minecraft:enchanted_book",
    "enchanted_golden_apple": "minecraft:appleenchanted",
    "enchanting_bottle": "minecraft:experience_bottle",
    "enchanting_table": "minecraft:enchanting_table",
    "enchantment_table": "minecraft:enchanting_table",
    "end_brick_stairs": "minecraft:end_brick_stairs",
    "end_bricks": "minecraft:end_bricks",
    "end_crystal": "minecraft:end_crystal",
    "end_gateway": "minecraft:end_gateway",
    "end_portal": "minecraft:end_portal",
    "end_portal_frame": "minecraft:end_portal_frame",
    "end_rod": "minecraft:end_rod",
    "end_stone": "minecraft:end_stone",
    "ender_chest": "minecraft:ender_chest",
    "ender_eye": "minecraft:ender_eye",
    "ender_pearl": "minecraft:ender_pearl",
    "experience_bottle": "minecraft:experience_bottle",
    "farmland": "minecraft:farmland",
    "feather": "minecraft:feather",
    "fence": "minecraft:fence",
    "fence_gate": "minecraft:fence_gate",
    "fence_gate_acacia": "minecraft:acacia_fence_gate",
    "fence_gate_birch": "minecraft:birch_fence_gate",
    "fence_gate_dark_oak": "minecraft:dark_oak_fence_gate",
    "fence_gate_jungle": "minecraft:jungle_fence_gate",
    "fence_gate_spruce": "minecraft:spruce_fence_gate",
    "fermented_spider_eye": "minecraft:fermented_spider_eye",
    "filled_map": "minecraft:map",
    "fire": "minecraft:fire",
    "fire_charge": "minecraft:fireball",
    "fireball": "minecraft:fireball",
    "fireworks": "minecraft:fireworks",
    "fireworks_charge": "minecraft:fireworkscharge",
    "fireworkscharge": "minecraft:fireworkscharge",
    "fish": "minecraft:fish",
    "fishing_rod": "minecraft:fishing_rod",
    "fletching_table": "minecraft:fletching_table",
    "flint": "minecraft:flint",
    "flint_and_steel": "minecraft:flint_and_steel",
    "flint_steel": "minecraft:flint_and_steel",
    "flower_pot": "minecraft:flower_pot",
    "flower_pot_block": "minecraft:item.flower_pot",
    "flowing_lava": "minecraft:flowing_lava",
    "flowing_water": "minecraft:flowing_water",
    "frame": "minecraft:frame",
    "frame_block": "minecraft:item.frame",
    "frosted_ice": "minecraft:frosted_ice",
    "furnace": "minecraft:furnace",
    "ghast_tear": "minecraft:ghast_tear",
    "glass": "minecraft:glass",
    "glass_bottle": "minecraft:glass_bottle",
    "glass_pane": "minecraft:glass_pane",
    "glass_panel": "minecraft:glass_pane",
    "glistering_melon": "minecraft:speckled_melon",
    "glow_stick": "minecraft:glow_stick",
    "glowing_obsidian": "minecraft:glowingobsidian",
    "glowing_redstone_ore": "minecraft:lit_redstone_ore",
    "glowingobsidian": "minecraft:glowingobsidian",
    "glowstone": "minecraft:glowstone",
    "glowstone_block": "minecraft:glowstone",
    "glowstone_dust": "minecraft:glowstone_dust",
    "gold_axe": "minecraft:golden_axe",
    "gold_block": "minecraft:gold_block",
    "gold_boots": "minecraft:golden_boots",
    "gold_chestplate": "minecraft:golden_chestplate",
    "gold_helmet": "minecraft:golden_helmet",
    "gold_hoe": "minecraft:golden_hoe",
    "gold_horse_armor": "minecraft:horsearmorgold",
    "gold_ingot": "minecraft:gold_ingot",
    "gold_leggings": "minecraft:golden_leggings",
    "gold_nugget": "minecraft:gold_nugget",
    "gold_ore": "minecraft:gold_ore",
    "gold_pickaxe": "minecraft:golden_pickaxe",
    "gold_pressure_plate": "minecraft:light_weighted_pressure_plate",
    "gold_shovel": "minecraft:golden_shovel",
    "gold_sword": "minecraft:golden_sword",
    "golden_apple": "minecraft:golden_apple",
    "golden_axe": "minecraft:golden_axe",
    "golden_boots": "minecraft:golden_boots",
    "golden_carrot": "minecraft:golden_carrot",
    "golden_chestplate": "minecraft:golden_chestplate",
    "golden_helmet": "minecraft:golden_helmet",
    "golden_hoe": "minecraft:golden_hoe",
    "golden_horse_armor": "minecraft:horsearmorgold",
    "golden_leggings": "minecraft:golden_leggings",
    "golden_nugget": "minecraft:gold_nugget",
    "golden_pickaxe": "minecraft:golden_pickaxe",
    "golden_rail": "minecraft:golden_rail",
    "golden_shovel": "minecraft:golden_shovel",
    "golden_sword": "minecraft:golden_sword",
    "granite_stairs": "minecraft:granite_stairs",
    "grass": "minecraft:grass",
    "grass_path": "minecraft:grass_path",
    "gravel": "minecraft:gravel",
    "gray_glazed_terracotta": "minecraft:gray_glazed_terracotta",
    "green_glazed_terracotta": "minecraft:green_glazed_terracotta",
    "grindstone": "minecraft:grindstone",
    "gunpowder": "minecraft:gunpowder",
    "hard_glass": "minecraft:hard_glass",
    "hard_glass_pane": "minecraft:hard_glass_pane",
    "hard_stained_glass": "minecraft:hard_stained_glass",
    "hard_stained_glass_pane": "minecraft:hard_stained_glass_pane",
    "hardened_clay": "minecraft:hardened_clay",
    "hay_bale": "minecraft:hay_block",
    "hay_block": "minecraft:hay_block",
    "heart_of_the_sea": "minecraft:heart_of_the_sea",
    "heavy_weighted_pressure_plate": "minecraft:heavy_weighted_pressure_plate",
    "hopper": "minecraft:hopper",
    "hopper_block": "minecraft:item.hopper",
    "hopper_minecart": "minecraft:hopper_minecart",
    "horse_armor_diamond": "minecraft:horsearmordiamond",
    "horse_armor_gold": "minecraft:horsearmorgold",
    "horse_armor_iron": "minecraft:horsearmoriron",
    "horse_armor_leather": "minecraft:horsearmorleather",
    "horsearmordiamond": "minecraft:horsearmordiamond",
    "horsearmorgold": "minecraft:horsearmorgold",
    "horsearmoriron": "minecraft:horsearmoriron",
    "horsearmorleather": "minecraft:horsearmorleather",
    "ice": "minecraft:ice",
    "ice_bomb": "minecraft:ice_bomb",
    "inactive_redstone_lamp": "minecraft:redstone_lamp",
    "info_reserved6": "minecraft:reserved6",
    "info_update": "minecraft:info_update",
    "info_update2": "minecraft:info_update2",
    "inverted_daylight_sensor": "minecraft:daylight_detector_inverted",
    "invisible_bedrock": "minecraft:invisiblebedrock",
    "invisiblebedrock": "minecraft:invisiblebedrock",
    "iron_axe": "minecraft:iron_axe",
    "iron_bar": "minecraft:iron_bars",
    "iron_bars": "minecraft:iron_bars",
    "iron_block": "minecraft:iron_block",
    "iron_boots": "minecraft:iron_boots",
    "iron_chestplate": "minecraft:iron_chestplate",
    "iron_door": "minecraft:iron_door",
    "iron_door_block": "minecraft:item.iron_door",
    "iron_helmet": "minecraft:iron_helmet",
    "iron_hoe": "minecraft:iron_hoe",
    "iron_horse_armor": "minecraft:horsearmoriron",
    "iron_ingot": "minecraft:iron_ingot",
    "iron_leggings": "minecraft:iron_leggings",
    "iron_nugget": "minecraft:iron_nugget",
    "iron_ore": "minecraft:iron_ore",
    "iron_pickaxe": "minecraft:iron_pickaxe",
    "iron_pressure_plate": "minecraft:heavy_weighted_pressure_plate",
    "iron_shovel": "minecraft:iron_shovel",
    "iron_sword": "minecraft:iron_sword",
    "iron_trapdoor": "minecraft:iron_trapdoor",
    "item_frame": "minecraft:frame",
    "item_frame_block": "minecraft:item.frame",
    "jack_o_lantern": "minecraft:lit_pumpkin",
    "jigsaw": "minecraft:jigsaw",
    "jukebox": "minecraft:jukebox",
    "jungle_button": "minecraft:jungle_button",
    "jungle_door": "minecraft:jungle_door",
    "jungle_door_block": "minecraft:item.jungle_door",
    "jungle_fence_gate": "minecraft:jungle_fence_gate",
    "jungle_pressure_plate": "minecraft:jungle_pressure_plate",
    "jungle_sign": "minecraft:jungle_sign",
    "jungle_stairs": "minecraft:jungle_stairs",
    "jungle_standing_sign": "minecraft:jungle_standing_sign",
    "jungle_trapdoor": "minecraft:jungle_trapdoor",
    "jungle_wall_sign": "minecraft:jungle_wall_sign",
    "kelp": "minecraft:kelp",
    "kelp_block": "minecraft:item.kelp",
    "ladder": "minecraft:ladder",
    "lantern": "minecraft:lantern",
    "lapis_block": "minecraft:lapis_block",
    "lapis_ore": "minecraft:lapis_ore",
    "lava": "minecraft:lava",
    "lava_cauldron": "minecraft:lava_cauldron",
    "lead": "minecraft:lead",
    "leash": "minecraft:lead",
    "leather": "minecraft:leather",
    "leather_boots": "minecraft:leather_boots",
    "leather_cap": "minecraft:leather_helmet",
    "leather_chestplate": "minecraft:leather_chestplate",
    "leather_helmet": "minecraft:leather_helmet",
    "leather_horse_armor": "minecraft:horsearmorleather",
    "leather_leggings": "minecraft:leather_leggings",
    "leather_pants": "minecraft:leather_leggings",
    "leather_tunic": "minecraft:leather_chestplate",
    "leave": "minecraft:leaves",
    "leave2": "minecraft:leaves2",
    "leaves": "minecraft:leaves",
    "leaves2": "minecraft:leaves2",
    "lectern": "minecraft:lectern",
    "lever": "minecraft:lever",
    "light_blue_glazed_terracotta": "minecraft:light_blue_glazed_terracotta",
    "light_weighted_pressure_plate": "minecraft:light_weighted_pressure_plate",
    "lily_pad": "minecraft:waterlily",
    "lime_glazed_terracotta": "minecraft:lime_glazed_terracotta",
    "lingering_potion": "minecraft:lingering_potion",
    "lit_blast_furnace": "minecraft:lit_blast_furnace",
    "lit_furnace": "minecraft:lit_furnace",
    "lit_pumpkin": "minecraft:lit_pumpkin",
    "lit_redstone_lamp": "minecraft:lit_redstone_lamp",
    "lit_redstone_ore": "minecraft:lit_redstone_ore",
    "lit_redstone_torch": "minecraft:redstone_torch",
    "lit_smoker": "minecraft:lit_smoker",
    "log": "minecraft:log",
    "log2": "minecraft:log2",
    "loom": "minecraft:loom",
    "magenta_glazed_terracotta": "minecraft:magenta_glazed_terracotta",
    "magma": "minecraft:magma",
    "magma_cream": "minecraft:magma_cream",
    "map": "minecraft:emptymap",
    "medicine": "minecraft:medicine",
    "melon": "minecraft:melon",
    "melon_block": "minecraft:melon_block",
    "melon_seeds": "minecraft:melon_seeds",
    "melon_slice": "minecraft:melon",
    "melon_stem": "minecraft:melon_stem",
    "minecart": "minecraft:minecart",
    "minecart_with_chest": "minecraft:chest_minecart",
    "minecart_with_command_block": "minecraft:command_block_minecart",
    "minecart_with_hopper": "minecraft:hopper_minecart",
    "minecart_with_tnt": "minecraft:tnt_minecart",
    "mob_head": "minecraft:skull",
    "mob_head_block": "minecraft:item.skull",
    "mob_spawner": "minecraft:mob_spawner",
    "monster_egg": "minecraft:monster_egg",
    "monster_egg_block": "minecraft:monster_egg",
    "monster_spawner": "minecraft:mob_spawner",
    "moss_stone": "minecraft:mossy_cobblestone",
    "mossy_cobblestone": "minecraft:mossy_cobblestone",
    "mossy_cobblestone_stairs": "minecraft:mossy_cobblestone_stairs",
    "mossy_stone": "minecraft:mossy_cobblestone",
    "mossy_stone_brick_stairs": "minecraft:mossy_stone_brick_stairs",
    "moving_block": "minecraft:movingblock",
    "movingblock": "minecraft:movingblock",
    "mushroom_stew": "minecraft:mushroom_stew",
    "mutton": "minecraft:muttonraw",
    "mutton_cooked": "minecraft:muttoncooked",
    "mutton_raw": "minecraft:muttonraw",
    "muttoncooked": "minecraft:muttoncooked",
    "muttonraw": "minecraft:muttonraw",
    "mycelium": "minecraft:mycelium",
    "name_tag": "minecraft:name_tag",
    "nametag": "minecraft:name_tag",
    "nautilus_shell": "minecraft:nautilus_shell",
    "nether_brick": "minecraft:netherbrick",
    "nether_brick_block": "minecraft:nether_brick",
    "nether_brick_fence": "minecraft:nether_brick_fence",
    "nether_brick_stairs": "minecraft:nether_brick_stairs",
    "nether_bricks": "minecraft:nether_brick",
    "nether_bricks_stairs": "minecraft:nether_brick_stairs",
    "nether_quartz": "minecraft:quartz",
    "nether_quartz_ore": "minecraft:quartz_ore",
    "nether_reactor": "minecraft:netherreactor",
    "nether_star": "minecraft:netherstar",
    "nether_wart": "minecraft:nether_wart",
    "nether_wart_block": "minecraft:nether_wart_block",
    "nether_wart_plant": "minecraft:item.nether_wart",
    "netherbrick": "minecraft:netherbrick",
    "netherrack": "minecraft:netherrack",
    "netherreactor": "minecraft:netherreactor",
    "netherstar": "minecraft:netherstar",
    "normal_stone_stairs": "minecraft:normal_stone_stairs",
    "note_block": "minecraft:noteblock",
    "noteblock": "minecraft:noteblock",
    "oak_door": "minecraft:wooden_door",
    "oak_door_block": "minecraft:item.wooden_door",
    "oak_fence_gate": "minecraft:fence_gate",
    "oak_stairs": "minecraft:oak_stairs",
    "oak_wood_stairs": "minecraft:oak_stairs",
    "oak_wooden_stairs": "minecraft:oak_stairs",
    "observer": "minecraft:observer",
    "obsidian": "minecraft:obsidian",
    "orange_glazed_terracotta": "minecraft:orange_glazed_terracotta",
    "packed_ice": "minecraft:packed_ice",
    "painting": "minecraft:painting",
    "paper": "minecraft:paper",
    "phantom_membrane": "minecraft:phantom_membrane",
    "pink_glazed_terracotta": "minecraft:pink_glazed_terracotta",
    "piston": "minecraft:piston",
    "piston_arm_collision": "minecraft:pistonarmcollision",
    "piston_head": "minecraft:pistonarmcollision",
    "pistonarmcollision": "minecraft:pistonarmcollision",
    "plank": "minecraft:planks",
    "planks": "minecraft:planks",
    "podzol": "minecraft:podzol",
    "poisonous_potato": "minecraft:poisonous_potato",
    "polished_andesite_stairs": "minecraft:polished_andesite_stairs",
    "polished_diorite_stairs": "minecraft:polished_diorite_stairs",
    "polished_granite_stairs": "minecraft:polished_granite_stairs",
    "poppy": "minecraft:red_flower",
    "porkchop": "minecraft:porkchop",
    "portal": "minecraft:portal",
    "portal_block": "minecraft:portal",
    "potato": "minecraft:potato",
    "potato_block": "minecraft:potatoes",
    "potatoes": "minecraft:potatoes",
    "potion": "minecraft:potion",
    "powered_comparator": "minecraft:powered_comparator",
    "powered_comparator_block": "minecraft:powered_comparator",
    "powered_rail": "minecraft:golden_rail",
    "powered_repeater": "minecraft:powered_repeater",
    "powered_repeater_block": "minecraft:powered_repeater",
    "prismarine": "minecraft:prismarine",
    "prismarine_bricks_stairs": "minecraft:prismarine_bricks_stairs",
    "prismarine_crystals": "minecraft:prismarine_crystals",
    "prismarine_shard": "minecraft:prismarine_shard",
    "prismarine_stairs": "minecraft:prismarine_stairs",
    "puffer_fish": "minecraft:pufferfish",
    "pufferfish": "minecraft:pufferfish",
    "pumpkin": "minecraft:pumpkin",
    "pumpkin_pie": "minecraft:pumpkin_pie",
    "pumpkin_seeds": "minecraft:pumpkin_seeds",
    "pumpkin_stem": "minecraft:pumpkin_stem",
    "purple_glazed_terracotta": "minecraft:purple_glazed_terracotta",
    "purpur_block": "minecraft:purpur_block",
    "purpur_stairs": "minecraft:purpur_stairs",
    "quartz": "minecraft:quartz",
    "quartz_block": "minecraft:quartz_block",
    "quartz_ore": "minecraft:quartz_ore",
    "quartz_stairs": "minecraft:quartz_stairs",
    "rabbit": "minecraft:rabbit",
    "rabbit_foot": "minecraft:rabbit_foot",
    "rabbit_hide": "minecraft:rabbit_hide",
    "rabbit_stew": "minecraft:rabbit_stew",
    "rail": "minecraft:rail",
    "rapid_fertilizer": "minecraft:rapid_fertilizer",
    "raw_beef": "minecraft:beef",
    "raw_chicken": "minecraft:chicken",
    "raw_fish": "minecraft:fish",
    "raw_mutton": "minecraft:muttonraw",
    "raw_porkchop": "minecraft:porkchop",
    "raw_rabbit": "minecraft:rabbit",
    "raw_salmon": "minecraft:salmon",
    "record_11": "minecraft:record_11",
    "record_13": "minecraft:record_13",
    "record_blocks": "minecraft:record_blocks",
    "record_cat": "minecraft:record_cat",
    "record_chirp": "minecraft:record_chirp",
    "record_far": "minecraft:record_far",
    "record_mall": "minecraft:record_mall",
    "record_mellohi": "minecraft:record_mellohi",
    "record_stal": "minecraft:record_stal",
    "record_strad": "minecraft:record_strad",
    "record_wait": "minecraft:record_wait",
    "record_ward": "minecraft:record_ward",
    "red_flower": "minecraft:red_flower",
    "red_glazed_terracotta": "minecraft:red_glazed_terracotta",
    "red_mushroom": "minecraft:red_mushroom",
    "red_mushroom_block": "minecraft:red_mushroom_block",
    "red_nether_brick": "minecraft:red_nether_brick",
    "red_nether_brick_stairs": "minecraft:red_nether_brick_stairs",
    "red_sandstone": "minecraft:red_sandstone",
    "red_sandstone_slab": "minecraft:double_stone_slab2",
    "red_sandstone_stairs": "minecraft:red_sandstone_stairs",
    "redstone": "minecraft:redstone",
    "redstone_block": "minecraft:redstone_block",
    "redstone_dust": "minecraft:redstone",
    "redstone_lamp": "minecraft:redstone_lamp",
    "redstone_ore": "minecraft:redstone_ore",
    "redstone_torch": "minecraft:redstone_torch",
    "redstone_wire": "minecraft:redstone_wire",
    "reeds": "minecraft:reeds",
    "reeds_block": "minecraft:item.reeds",
    "repeater": "minecraft:repeater",
    "repeater_block": "minecraft:unpowered_repeater",
    "repeating_command_block": "minecraft:repeating_command_block",
    "reserved6": "minecraft:reserved6",
    "rose": "minecraft:red_flower",
    "rotten_flesh": "minecraft:rotten_flesh",
    "saddle": "minecraft:saddle",
    "salmon": "minecraft:salmon",
    "sand": "minecraft:sand",
    "sandstone": "minecraft:sandstone",
    "sandstone_stairs": "minecraft:sandstone_stairs",
    "sapling": "minecraft:sapling",
    "scaffolding": "minecraft:scaffolding",
    "sea_lantern": "minecraft:sealantern",
    "sea_pickle": "minecraft:sea_pickle",
    "seagrass": "minecraft:seagrass",
    "sealantern": "minecraft:sealantern",
    "seeds": "minecraft:wheat_seeds",
    "shears": "minecraft:shears",
    "shield": "minecraft:shield",
    "shulker_box": "minecraft:shulker_box",
    "shulker_shell": "minecraft:shulker_shell",
    "sign": "minecraft:sign",
    "sign_post": "minecraft:standing_sign",
    "silver_glazed_terracotta": "minecraft:silver_glazed_terracotta",
    "skull": "minecraft:skull",
    "skull_block": "minecraft:item.skull",
    "slab": "minecraft:double_stone_slab",
    "slabs": "minecraft:double_stone_slab",
    "slime": "minecraft:slime",
    "slime_ball": "minecraft:slime_ball",
    "slime_block": "minecraft:slime",
    "slimeball": "minecraft:slime_ball",
    "smithing_table": "minecraft:smithing_table",
    "smoker": "minecraft:smoker",
    "smooth_quartz_stairs": "minecraft:smooth_quartz_stairs",
    "smooth_red_sandstone_stairs": "minecraft:smooth_red_sandstone_stairs",
    "smooth_sandstone_stairs": "minecraft:smooth_sandstone_stairs",
    "smooth_stone": "minecraft:smooth_stone",
    "snow": "minecraft:snow",
    "snow_block": "minecraft:snow",
    "snow_layer": "minecraft:snow_layer",
    "snowball": "minecraft:snowball",
    "soul_sand": "minecraft:soul_sand",
    "sparkler": "minecraft:sparkler",
    "spawn_egg": "minecraft:spawn_egg",
    "speckled_melon": "minecraft:speckled_melon",
    "spider_eye": "minecraft:spider_eye",
    "splash_potion": "minecraft:splash_potion",
    "sponge": "minecraft:sponge",
    "spruce_button": "minecraft:spruce_button",
    "spruce_door": "minecraft:spruce_door",
    "spruce_door_block": "minecraft:item.spruce_door",
    "spruce_fence_gate": "minecraft:spruce_fence_gate",
    "spruce_pressure_plate": "minecraft:spruce_pressure_plate",
    "spruce_sign": "minecraft:spruce_sign",
    "spruce_stairs": "minecraft:spruce_stairs",
    "spruce_standing_sign": "minecraft:spruce_standing_sign",
    "spruce_trapdoor": "minecraft:spruce_trapdoor",
    "spruce_wall_sign": "minecraft:spruce_wall_sign",
    "spruce_wood_stairs": "minecraft:spruce_stairs",
    "spruce_wooden_stairs": "minecraft:spruce_stairs",
    "stained_clay": "minecraft:stained_hardened_clay",
    "stained_glass": "minecraft:stained_glass",
    "stained_glass_pane": "minecraft:stained_glass_pane",
    "stained_hardened_clay": "minecraft:stained_hardened_clay",
    "standing_banner": "minecraft:standing_banner",
    "standing_sign": "minecraft:standing_sign",
    "steak": "minecraft:cooked_beef",
    "stick": "minecraft:stick",
    "sticks": "minecraft:stick",
    "sticky_piston": "minecraft:sticky_piston",
    "still_lava": "minecraft:lava",
    "still_water": "minecraft:water",
    "stone": "minecraft:stone",
    "stone_axe": "minecraft:stone_axe",
    "stone_brick": "minecraft:stonebrick",
    "stone_brick_stairs": "minecraft:stone_brick_stairs",
    "stone_bricks": "minecraft:stonebrick",
    "stone_button": "minecraft:stone_button",
    "stone_hoe": "minecraft:stone_hoe",
    "stone_pickaxe": "minecraft:stone_pickaxe",
    "stone_pressure_plate": "minecraft:stone_pressure_plate",
    "stone_shovel": "minecraft:stone_shovel",
    "stone_slab": "minecraft:double_stone_slab",
    "stone_slab2": "minecraft:double_stone_slab2",
    "stone_slab3": "minecraft:double_stone_slab3",
    "stone_slab4": "minecraft:double_stone_slab4",
    "stone_stairs": "minecraft:stone_stairs",
    "stone_sword": "minecraft:stone_sword",
    "stone_wall": "minecraft:cobblestone_wall",
    "stonebrick": "minecraft:stonebrick",
    "stonecutter": "minecraft:stonecutter",
    "stonecutter_block": "minecraft:stonecutter_block",
    "string": "minecraft:string",
    "stripped_acacia_log": "minecraft:stripped_acacia_log",
    "stripped_birch_log": "minecraft:stripped_birch_log",
    "stripped_dark_oak_log": "minecraft:stripped_dark_oak_log",
    "stripped_jungle_log": "minecraft:stripped_jungle_log",
    "stripped_oak_log": "minecraft:stripped_oak_log",
    "stripped_spruce_log": "minecraft:stripped_spruce_log",
    "structure_block": "minecraft:structure_block",
    "sugar": "minecraft:sugar",
    "sugar_cane": "minecraft:reeds",
    "sugar_canes": "minecraft:reeds",
    "sugarcane": "minecraft:reeds",
    "sugarcane_block": "minecraft:item.reeds",
    "sweet_berries": "minecraft:sweet_berries",
    "sweet_berry_bush": "minecraft:sweet_berry_bush",
    "tall_grass": "minecraft:tallgrass",
    "tallgrass": "minecraft:tallgrass",
    "terracotta": "minecraft:stained_hardened_clay",
    "tnt": "minecraft:tnt",
    "tnt_minecart": "minecraft:tnt_minecart",
    "torch": "minecraft:torch",
    "totem": "minecraft:totem",
    "trapdoor": "minecraft:trapdoor",
    "trapped_chest": "minecraft:trapped_chest",
    "trident": "minecraft:trident",
    "trip_wire": "minecraft:tripwire",
    "tripwire": "minecraft:tripwire",
    "tripwire_hook": "minecraft:tripwire_hook",
    "trunk": "minecraft:planks",
    "trunk2": "minecraft:log2",
    "turtle_egg": "minecraft:turtle_egg",
    "turtle_helmet": "minecraft:turtle_helmet",
    "turtle_shell_piece": "minecraft:turtle_shell_piece",
    "underwater_torch": "minecraft:underwater_torch",
    "undyed_shulker_box": "minecraft:undyed_shulker_box",
    "unlit_redstone_torch": "minecraft:unlit_redstone_torch",
    "unpowered_comparator": "minecraft:unpowered_comparator",
    "unpowered_comparator_block": "minecraft:unpowered_comparator",
    "unpowered_repeater": "minecraft:unpowered_repeater",
    "unpowered_repeater_block": "minecraft:unpowered_repeater",
    "update_block": "minecraft:info_update",
    "vine": "minecraft:vine",
    "vines": "minecraft:vine",
    "wall_banner": "minecraft:wall_banner",
    "wall_sign": "minecraft:wall_sign",
    "water": "minecraft:water",
    "water_lily": "minecraft:waterlily",
    "waterlily": "minecraft:waterlily",
    "web": "minecraft:web",
    "weighted_pressure_plate_heavy": "minecraft:heavy_weighted_pressure_plate",
    "weighted_pressure_plate_light": "minecraft:light_weighted_pressure_plate",
    "wheat": "minecraft:wheat",
    "wheat_block": "minecraft:item.wheat",
    "wheat_seeds": "minecraft:wheat_seeds",
    "white_glazed_terracotta": "minecraft:white_glazed_terracotta",
    "wood": "minecraft:log",
    "wood2": "minecraft:log2",
    "wood_door_block": "minecraft:item.wooden_door",
    "wood_slab": "minecraft:wooden_slab",
    "wood_slabs": "minecraft:wooden_slab",
    "wood_stairs": "minecraft:oak_stairs",
    "wooden_axe": "minecraft:wooden_axe",
    "wooden_button": "minecraft:wooden_button",
    "wooden_door": "minecraft:wooden_door",
    "wooden_door_block": "minecraft:item.wooden_door",
    "wooden_hoe": "minecraft:wooden_hoe",
    "wooden_pickaxe": "minecraft:wooden_pickaxe",
    "wooden_plank": "minecraft:planks",
    "wooden_planks": "minecraft:planks",
    "wooden_pressure_plate": "minecraft:wooden_pressure_plate",
    "wooden_shovel": "minecraft:wooden_shovel",
    "wooden_slab": "minecraft:wooden_slab",
    "wooden_slabs": "minecraft:wooden_slab",
    "wooden_stairs": "minecraft:oak_stairs",
    "wooden_sword": "minecraft:wooden_sword",
    "wooden_trapdoor": "minecraft:trapdoor",
    "wool": "minecraft:wool",
    "workbench": "minecraft:crafting_table",
    "writable_book": "minecraft:writable_book",
    "written_book": "minecraft:written_book",
    "yellow_flower": "minecraft:yellow_flower",
    "yellow_glazed_terracotta": "minecraft:yellow_glazed_terracotta"
}
